Sector,Threat_Score,Alert_Level
Sector_A,0.489584526975428,GREEN
Sector_B,0.4114989592457743,GREEN
Sector_C,0.5563231870295408,AMBER
Sector_D,0.4735969613519783,GREEN
